name,degree,community id
TOYOTA MOTOR CO LTD,11,196
TOYOTA RES INST INC,11,196
UNIV CALIFORNIA,7,196
UNIV ILLINOIS,6,196
UNIV CARNEGIE MELLON,6,196
THE REGENTS OF LTHE UNIV OF CALIFORNIA,5,196
MASSACHUSETTS INST TECHNOLOGY,5,196
UNIV BROWN,3,196
UNIV LELAND STANFORD JUNIOR,3,196
DENSO CORP,2,196
NANYANG TECH UNVERSITY,2,196
TOYOTA RES INSTITUTE,2,196
UNIV COLUMBIA,2,196
DENSO INT AMERICA INC,2,196
HONDA MOTOR CO LTD,2,196
TOYOTA TECH INSTITUTE AT CHICAGO,2,196
MASSACHUSETTS INSTITUE OF TECH,2,196
TOYOTA ENG & MFG NORTH AMERICA,1,196
GUIM BERNAT FRANCESC,20,151
BROWNE JOHN J,11,151
DOSHI KSHITIJ A,8,151
HARIDASS ANAND,8,151
HOBAN ADRIAN C,8,151
MACNAMARA CHRIS M,8,151
METSCH THIJS,8,151
MISRA AMRUTA,8,151
THIGLE VIKRANT,8,151
POORNACHANDRAN RAJESH,7,151
CARRANZA MARCOS,4,151
DIVAN KOLLER MARIO JOSE,4,151
MARTINEZ SPESSOT CESAR,4,151
KUMAR KARTHIK,4,151
THYAGATURU AKHILESH S,4,151
TORRE PETAR,4,151
ZHUANG XIANGYANG,4,151
CARRANZA MARCOS E,4,151
PALERMO STEPHEN T,4,151
INTEL CORP,18,116
DATTA SHAMANNA,7,116
DRAPER ANDREW,7,116
MAKARAM RAGHUNANDAN,7,116
MUNOZ ALBERTO,7,116
NATU MEHESH,7,116
RUAN XIAOYU,7,116
YAO JIEWEN,7,116
BAO JIA,6,116
CHEN HU,6,116
TEKCHANDANI NITIN,6,116
WISNIEWSKI ROBERT,6,116
YANG ZIYE,6,116
ZHAO FUSHENG,6,116
SMITH NED M,4,116
DOSHI KSHITIJ ARUN,4,116
BEANEY JR JAMES,2,116
SCARLATA VINCENT R,2,116
HE PUJIANG,2,116
IMTEL CORP,1,116
INTEL CORPORARTION,1,116
MOVIDIUS LTD,1,116
CLARK BENJAMIN,12,93
DEFOE ANTHONY,12,93
HANCE JACK,12,93
HANSON DANIELLE,12,93
HEEREN JOSHUA,12,93
KESTNER GAVIN,12,93
KOLODJSKI CAMERON,12,93
MILBRATH JORDAN,12,93
RIVARD JONATHAN M,12,93
ROSCH GRACE DOMINIC,12,93
SCHMANDT CAYDEN,12,93
STRAUB JEREMY,12,93
TASSAVA MATTHEW,12,93
STATE GRID CORP CHINA,9,85
CHINA ELECTRIC POWER RES INST CO LTD,7,85
STATE GRID SHANGHAI MUNICIPAL ELECTRIC POWER CO,5,85
CUSTOMER SERVICE CENTER OF STATE GRID POWER GRID CO LTD,3,85
INST AUTOMATION CAS,3,85
MARKETING SERVICE CENTER OF STATE GRID ZHEJIANG ELECTRIC POWER CO LTD,3,85
STATE GRID SMART GRID RES INSTITUTE CO LTD,3,85
BEIJING SMARTCHIP MICROELECTRONICS TECH CO LTD,2,85
HEZE POWER SUPPLY CO OF STATE GRID SHANDONG ELECTRIC POWER CO,2,85
UNIV WUHAN,2,85
STATE GRID TIANJIN ELECTRIC POWER CO,2,85
STATE GRID TIANJIN ELECTRIC POWER CO ELECTRIC POWER RES INST,2,85
BEIJING STATE GRID INFORMATION TELECOMMNICATION GROUP ACCENTURE INFORMATION TECH CO LTD,1,85
ELECTRIC POWER RES INST STATE GRID JIBEI ELECTRIC POWER CO LTD,1,85
UNIV BEIJING JIAOTONG,1,85
CANALES III REYES,12,65
DANGOV JOHN,12,65
GARCIA DUARTE FERNANDO,12,65
GOZIKER EDWARD,12,65
HOFSTAEDTER CHRISTIAN E,12,65
HOOVER PAUL L,12,65
KIMMERLY MARK V,12,65
MOBILE SONIC INC,12,65
RENOUARD JULIA,12,65
SAVARESE JOSEPH T,12,65
SIMPKINS JAMES S,12,65
SNYDER MICHAEL L,12,65
WANG ZHENWU,12,65
SOPHOS LTD,20,50
THOMAS ANDREW J,20,50
BHANDARI NIKHIL,14,50
COOK ROBERT W,14,50
KAIMAL BIJU RAMACHANDRA,14,50
KAMATH RAMESH,14,50
KATYAL AMIT,14,50
MAHEVE SANJEEV KUMAR,14,50
NAYAK MADAN MOHAN,14,50
OBULAREDDY VENKATA SURESH REDDY,14,50
PREMI MAYUR,14,50
RAJENDRAN THIYAGU,14,50
SETZER MATTHEW CHARLES,14,50
SUBRAMANIAM SRISAKTHI,14,50
WALA AVNI BHUPENDRAKUMAR,14,50
GRIFFIN DENNIS CLAY,7,50
NAIR BIJU BALAKRISHNAN,7,50
RAYMENT TIMOTHY,7,50
TALREJA PRAKASH KUMAR,7,50
VANKADARU MANGAL RAKESH,7,50
VYSOCKY BRIAN STEVEN JR,7,50
LUO JUN,8,17
HUAWEI TECH CO LTD,7,17
ALBAN MONTGOMERY,5,17
BANIJAMALI SEYED ERSHAD,5,17
ROHANI MOHSEN,5,17
RUSU DAVID,5,17
VILLELLA JULIAN,5,17
YADMELLAT PEYMAN,4,17
AMIRLOO ABOLFATHI ELMIRA,3,17
REZAEE KASRA,2,17
GRAVES DANIEL MARK,1,17
PRASAD VATSALYA,1,17
SILES YOSSI,1,17
