path,bytes,sha256
00_input_snapshot/agenticai.csv,19704337,c789aa25cfe9e5b5d8557528703c56d65a95f805b547ffb44c8a5ff09463839f
01_raw/raw_meta.json,82431,c3124f5ec2475f0ea902442fc28004c3386d8469ddd1a513b1c35ff59aa5ba2e
01_raw/raw_snapshot.csv,6380293,4a02f115fb7d1ac74fccf12cefb23317c825382c953087b693fe99a6d212ad28
02_normalized/normalized.csv,6119150,404728eba2e0f1aee4638288c375704de8481beaabc1600585537dc93ee77379
03_tokens_pos/tokens_pos_filtered.csv,4565714,8d1abccfdb051bc15e19c35d42260a1d071cfe6664093b246c61b9a7f88845cb
04_ngrams/ngrams_freq.csv,18036222,7e284b281fc05ea0f8e6e05d783f06acbffe3062789db27af3171e8a3a9ebe00
05_top15/per_doc_keywords.csv,1262967,c9de263c2ab1aa6019328594f68870f94736a3d32e256b666e12b27a380772cc
05_top15/top_keywords.csv,448000,75442ee9bae414dc9e969b7874d399c51cdfbdac52d79385e973dcf5df2bc723
06_edges/keyword_edges.csv,3655467,b47f9d3a1269cd421836ce460894ded7e43324da4595ac48eacac7e7b526ff78
06_edges/org_edges.csv,57588,cc318e63e736f077071326d778169eb79e9d12561c9ce2eddd2a0e9d4ed70e82
07_communities/keyword_memberships.csv,62467,89649766f7aa8399c9cd4301b0f4a88eaf7950d8cc5494a4c75b04ecb4450270
07_communities/org_independent_memberships.csv,24343,674628125f3ed2f65da0a260357866ea615becb1e893bcf5af7f48432106eaa5
07_communities/org_selected_memberships.csv,3559,29f6077f2c6a47cbc9cffbc477e97e91cc90f01c913bc0d5aeb9fde5b59c9024
08_query/manuscript_appendix_A.txt,12106,a9a5f0c2b94c4f7debc26ebcd8e4da5247ce33a66019ab65a0e89180654437d8
09_scripts/Semantic_Baseline_Colab.ipynb,2603,480a85f9bdba0ce8b1e69841c5ba73ad43e25c486e1a9738e47926be90d20011
09_scripts/org_network_audit.py,6883,29a6492107dcf9f4bd03cf2ea2374e7259dd2f5dc18c8e66fd0cd817493e3002
09_scripts/prepare_entity_audit.py,2666,5ba138bf7ba55d1cd0b006408b0840ae58ccfcfb85836be7390cea53cc8959bc
09_scripts/requirements_analysis.txt,28,4f2914b6927b599cf9e0e8b64b765d3602a68ac3bf153b3e47d2a023a7428625
09_scripts/requirements_semantic.txt,84,3f9ea0b46f16521c373a0add88062401d4fd625f7d758460790a8f18d4a0d609
09_scripts/semantic_validation.py,6743,e70c5d555e5fd846468da6f2d5719654925bea8d4ea143d2d349a9422b1c2689
10_validation/entity_audit/entity_pairs_to_review.csv,13888,e8040b716a5a47578441106ca2ecdc9278c4222bf6b6c4a8b55197ba812fadc4
10_validation/entity_audit/sample_design.json,705,887b940aee55a40cd9bf2c5b81ee47910e6e3d5f057993893a9ddb5779338fb7
10_validation/giant_component/org_audit.json,1096,b9725f249ee183cd514c92e1a891725b1c6344eef1bd6ff9f28b42f474df2fc1
10_validation/giant_component/org_binary_null_replicates.csv,2025,997058e573056846bd66a269064be0cd3d4d7a41a01cb666b002e9f295eeba4a
10_validation/giant_component/org_edges.csv,4338,bdbc4f8f13955ac47884741025c00922f32b10edda43c25c5784e60c4a167f4f
10_validation/giant_component/org_independent_memberships.csv,854,ada68d8c23f6badd7b293cad076cc383fc809be29535b7ecae1462c1c0b1216c
10_validation/keyword_audit.json,334,14b2085f0907e4409acae25ab150ffbcb29bba56529718d52a83094c0d222b98
10_validation/keyword_extra_metrics.json,313,f6c4753d64173acbca783cdaf79bb80bf09f73a789d8932b8b39960ec14de712
10_validation/org_audit.json,2996,4388e38752ccaf658184a576f85fda57eb9aaa66901a60db76e2186e3dce721d
10_validation/org_binary_null_replicates.csv,2816,2f9f0b515e22ac5513f213d2f2f5c0941b843b1fc6d479852acad2beaf70ed7a
10_validation/org_extra_metrics.json,296,32dcbc1e05338566a7997950a91c348eae89a3fe843150d40408e09da60d1852
11_manual_audit/author_confirmed_summary.json,647,f967dba105af2b5a89259c9f9da836b299215d37d1375e11027dea780daa9ad8
NEXT_STEPS_FA.md,1244,0c1a22855088e3062734529c237c04779e07a201316233f4b78f00cbbed291af
README.md,5788,96871cb91c12c1b5cef58dacfb4b6d28402e67540959db84abc621a41c358f0e
